GroceryStore,Address,Zip Code,Status
Jewel - Osco,87 W 87th St,60620,OPEN
Farm on Ogden,3555 W OGDEN AVE,60623,OPEN
Jewel - Osco,5343 N Broadway St,60640,OPEN
International Foods NW,4404 W FULLERTON AVE,60639,OPEN
Jewel - Osco,2520 N Narragansett Ave,60639,OPEN
Mariano's Fresh Market,40 S Halsted St,60661,OPEN
Mariano's Fresh Market,3145 South Ashland Ave,60608,OPEN
Aldi,7800 S South Chicago Ave,60619,OPEN
Food 4 Less,7030 S Ashland Ave,60636,OPEN
Whole Foods Market,1 N Halsted St,60661,OPEN
Ted's Fresh Market,2840 W Devon Ave,60645,OPEN
Aldi,4645 W. Diversy Ave,60639,OPEN
Foodsmart,3415 W Diversey Ave,60647,OPEN
Shop & Save Market,6312 N Nagle Ave,60646,OPEN
La Cienega Super Food,10736 S EWING AVE,60617,OPEN
Chicago Produce,3500 W Lawrence Ave,60625,OPEN
Paulina Super Market,7622 N Paulina St,60626,OPEN
Save A Lot,5555 W North Ave,60639,OPEN
Food 4 Less,112 W 87Th St Ste G1,60620,OPEN
Fresh Marketplace,2134 N Western Ave,60647,OPEN
Aldi,4030 W Wrightwood Ave,60639,OPEN
Pete's Fresh Market,4343 S Pulaski Rd.,60632,OPEN
Fresh Marketplace,5020 W Fullerton Ave,60639,OPEN
Aldi,1753 N Milwaukee Ave,60647,OPEN
Costco,1430 S Ashland Ave,60608,OPEN
Target,1664 W Division St,60622,OPEN
Morse Fresh Market,1430 W MORSE AVE,60626,OPEN
Local Market,2101 E 71ST ST,60649,OPEN
Target,1200 N Larrabee St,60610,OPEN
Aldi,5001 N Pulaski Rd,60630,OPEN
Aldi,3320 W Belmont Ave,60618,OPEN
Old World Market,5129 N BROADWAY,60640,OPEN
Jewel - Osco,1340 S Canal St,60607,OPEN
Park to Shop Supermarket Canal,1835 S CANAL ST,60616,OPEN
Jewel - Osco,2940 N Ashland Ave,60657,OPEN
La Merced,4335 W 26TH ST,60623,OPEN
Aldi,6621 S Cottage Grove Ave,60637,OPEN
Fairplay Neighborhood Market,2200 S Western Ave.,60608,OPEN
Fresh Farms,2626 W Devon Ave,60659,OPEN
Jewel - Osco,9400 S Ashland Ave,60620,OPEN
Aldi,1508 W 47th St,60609,OPEN
Aldi,6221 N Broadway St,60660,OPEN
Carnival Grocery & Liquor,458 W Dickens Ave,60614,OPEN
Food 4 Less,4821 W North Ave,60639,OPEN
Whole Foods Market,6020 N Cicero Ave,60646,OPEN
Target,3300 N Ashland Ave,60657,OPEN
Supermercado Chapala,7117 N CLARK ST,60626,OPEN
Grocery Basket,351 E 103RD ST,60628,OPEN
Carniceria La Hacienda,2744 W 55th St,60632,OPEN
Carniceria Jimenez,4204 W North Ave,60639,OPEN
Pete's Fresh Market,2333 W Madison St.,60612,OPEN
Target,6422 N Sheridan Rd Unit A,60626,OPEN
Jewel - Osco,370 N Desplaines St,60661,OPEN
Trader Joe's,3745 N LINCOLN AVE,60613,OPEN
Cermak Produce,3435 S Archer,60608,OPEN
Aldi,7345 S State St,60619,OPEN
Target,1 S State St,60603,OPEN
Fresh Marketplace,2600 N Central Ave,60639,OPEN
Mario's Butcher Shop,5817 W Madison St,60644,OPEN
Super Mercado Roman,6978 N CLARK ST,60626,OPEN
County Fair Foods,10800 S Western Avenue,60643,OPEN
Aldi,7627 S Ashland Ave,60620,OPEN
Aldi,2333 E 95th St,60617,OPEN
Save A Lot,344 E 63rd St,60637,OPEN
Costco,2746 N Clybourn Ave,60614,OPEN
Jewel - Osco,5516 N Clark St,60640,OPEN
Farmer's Best Market,6420 W FULLERTON AVE,60707,OPEN
Bockwinkel's at McClurg,320 E Ohio,60601,OPEN
Food Town,935 E 79TH ST,60619,OPEN
Mariano's Fresh Market,1500 N Clybourn Ave. #C104,60610,OPEN
Supermercado El Guero,1701 W 47th Street,60609,OPEN
Save A Lot,4439 W 63rd St,60629,OPEN
Pete's Fresh Market,2526 W Cermak Rd.,60608,OPEN
Cermak Produce,5220 S Pulaski,60632,OPEN
Jewel - Osco,1341 N Paulina St,60622,OPEN
Mariano's Fresh Market,3857 S Dr. Martin Luther King Jr. Dr.,60653,OPEN
Tony's Finer Foods,4608 W. Belmont Avenue,60641,OPEN
Bockwinkel's Fresh Express,155 N Harbor Drive,60601,OPEN
Target,2939 W Addison St,60618,OPEN
Cermak Produce,6623 Damen Ave,60645,OPEN
Whole Foods Market,832 W 63rd St,60621,OPEN
Mariano's Fresh Market,5353 N Elston,60630,OPEN
Aldi,2431 W Montrose Ave,60618,OPEN
Aldi,3030 S Kedzie Ave,60623,OPEN
Gordon Food Service Store,6431 W FULLERTON AVE,60707,OPEN
Cermak Produce,4401 W ARMITAGE AVE,60639,OPEN
Target,1101 W Jackson Blvd,60607,OPEN
Whole Foods Market,5118 S Lake Park Ave,60615,OPEN
Supermercado El Guero,2101 W Cermak Rd,60608,OPEN
Aldi,4645 W Diversey Ave,60639,OPEN
Supermercado El Guero,4023 S Archer Ave.,60632,OPEN
Walmart,3320 South Cicero Avenue,00nan,OPEN
Beverly Food Mart,8636 S ASHLAND AVE,60620,OPEN
Food Market La Chicquita,3555 W 26th Street,60623,OPEN
Aldi,6520 W Fullerton Ave,60707,OPEN
Supermercado La Chiqutia,2623 S PULASKI RD,60623,OPEN
Tony's Finer Foods,5233 N. Lincoln Ave,60625,OPEN
Aldi,6025 S Western Ave,60636,OPEN
Mariano's Fresh Market,3030 N Broadway Suite 100,60657,OPEN
Pete's Fresh Market,4700 S Kedzie Ave.,60632,OPEN
Jewel - Osco,11730 S Marshfield Ave,60643,OPEN
Jewel - Osco,3630 N Southport Ave,60613,OPEN
Potash Markets,175 E Delaware,60611,OPEN
Aldi,3835 W Madison St,60624,OPEN
Carniceria La Hacienda,3629 W 63rd St,60629,OPEN
H Mart,711 W JACKSON BLVD,60661,OPEN
Leamington Foods,3240 W Roosevelt Rd,60624,OPEN
Jewel - Osco,102 W Division St,60610,OPEN
Pete's Fresh Market,5724 S Kedzie Ave.,60629,OPEN
Food 4 Less,4620 S Damen Ave,60609,OPEN
Pete's Produce,1543 East 87th Street,60619,OPEN
Whole Foods Market,1550 N Kingsbury St,60642,OPEN
Cermak Produce,4234 N Kedzie Ave.,60618,OPEN
La Casa Del Pueblo,1810 S Blue Island Ave,60608,OPEN
Target,4466 N Broadway St,60640,OPEN
Park to Shop Supermarket,2425 S WALLACE ST,60616,OPEN
Morelia Supermarket,4833 W DIVERSEY AVE,60639,OPEN
Hyde Park Produce,1226 E 53RD ST,60615,OPEN
Jewel - Osco,424 W Division St,60610,OPEN
Andy's Fruit Ranch,4733 N KEDZIE AVE,60625,OPEN
Mariano's Fresh Market,5201 N Sheridan Rd,60640,OPEN
Target,1346 E 53rd St,60615,OPEN
Mariano's Fresh Market,1800 West Lawrence Ave.,60640,OPEN
Fairplay Neighborhood Market,2323 W 111th St.,60643,OPEN
Pete's Fresh Market,3448 E 118th St.,60617,OPEN
Tony's Finer Foods,5630 W. Belmont Ave,60634,OPEN
Stumpy's Grocery & Deli,9001 S ASHLAND AVE,60620,OPEN
Devon Market,1440 W Devon Ave,60660,OPEN
Whole Foods Market,255 E Grand Ave,60611,OPEN
Target,1154 S Clark St,60605,OPEN
Mariano's Fresh Market,2112 N Ashland,60614,OPEN
Tony's Finer Foods,4137 N. Elston Ave,60618,OPEN
Los Cuatro Hermanos Grocery,1858 S ALLPORT ST,60608,OPEN
Target,7100 S Cicero Ave,60629,OPEN
Park to Shop Supermarket Broadway,4879 N BROADWAY,60640,OPEN
Dill Pickle Food Co-op,2746 N MILWAUKEE AVE,60647,OPEN
Target,4433 S Pulaski Rd,60632,OPEN
Moses Butcher Shop,5057 W DIVISION ST,60651,OPEN
Jewel - Osco,4660 W Irving Park Rd,60641,OPEN
Mariano's Fresh Market,3350 North Western Avenue,60618,OPEN
Happy Foods - Edgebrook,6415 N Central Ave,60646,OPEN
Target,2656 N Elston Ave,60647,OPEN
Trader Joe's,667 W DIVERSEY PKWY,60614,OPEN
Ogies Food,2600 W LITHUANIAN PLAZA CT,60629,OPEN
Walmart,10900 S Doty Ave,60628,OPEN
Cermak Produce,1711 W Cermak,60608,OPEN
Cermak Produce,3033 S Halsted St.,60608,OPEN
Pete's Fresh Market,5838 S Pulaski Rd.,60629,OPEN
Whole Foods Market,3201 N Ashland Ave,60657,OPEN
Target,401 E Illinois St,60611,OPEN
Jewel - Osco,6107 S Archer Ave,60638,OPEN
Foodsmart,2901 W Armitage Ave,60647,OPEN
Save A Lot,7240 S Stony Island,60649,OPEN
Aldi,821 W 115th St,60643,OPEN
Trader Joe's,44 E ONTARIO ST,60611,OPEN
Leamington Foods,5467 W Madison St,60644,OPEN
Cermak Produce,3311 W 26th St.,60623,OPEN
Whole Foods Market,3640 N Halsted St,60613,OPEN
Jewel - Osco,6430 W Irving Park Rd,60634,OPEN
Carniceria Jimenez,3850 W Fullerton Ave,60647,OPEN
Target,6525 W Diversey Ave,60707,OPEN
Aldi,10532 S Indianapolis Ave,60617,OPEN
Costco,7300 S Cicero Ave,60629,OPEN
Target,2650 N CLARK ST,60614,OPEN
Mariano's Fresh Market,1615 S Clark Street,60616,OPEN
Aldi,4500 N Broadway St,60640,OPEN
Aldi,8500 S Holland Rd,60620,OPEN
Whole Foods Market,6009 N Broadway St,60660,OPEN
Armitage Produce,3334 W. Armitage Ave.,60647,OPEN
Que Rico Supermercado,3552 W ARMITAGE AVE,60647,OPEN
Jewel - Osco,5320 S Pulaski Rd,60632,OPEN
Clarendon Food Mart,4183 N CLARENDON AVE,60613,OPEN
Trader Joe's,1840 N CLYBOURN AVE,60614,OPEN
J Freshmart,2411 S WALLACE ST,60616,OPEN
Plum Market,1233 N WELLS ST,60610,OPEN
Jewel - Osco,4250 N Lincoln Ave,60618,OPEN
First Choice Market,3019 E 91ST ST,60617,OPEN
La Feria Grocery,9704 S COMMERCIAL AVE,60617,OPEN
Target,1940 W 33rd St,60608,OPEN
Tony's Finer Foods,2500 N Central Avenue,60639,OPEN
Jewel - Osco,550 N State St,60654,OPEN
Jewel - Osco,4734 N Cumberland Ave Apt N,60656,OPEN
Tai Nam Food Market,4925 N BROADWAY,60640,OPEN
Jewel - Osco,1224 S Wabash Ave,60605,OPEN
Tony's Finer Foods,3607 W Fullerton,60647,OPEN
Trader Joe's,1528 E 55TH ST,60615,OPEN
Jewel - Osco,4355 N Sheridan Rd,60613,OPEN
Trader Joe's,1147 S WABASH AVE,60605,OPEN
Jewel - Osco,2550 N Clybourn Ave,60614,OPEN
Jewel - Osco,4729 N Central Ave,60630,OPEN
Jewel - Osco,4042 W Foster Ave,60630,OPEN
Jewel - Osco,1763 W Howard St,60626,OPEN
Market Fresh Finer Foods,800 N Kedzie Avenue,60651,OPEN
Happy Foods - Edison Park,6783 Northwest Highway,60631,OPEN
Jewel - Osco,3128 W 103rd St,60655,OPEN
Aldi,2828 N Central Ave,60634,OPEN
Aldi,5629 W Fillmore St,60644,OPEN
Woodlawn Super Fair LLC,6319 S VERNON AVE,60637,OPEN
Target,3204 N CLARK ST,60657,OPEN
Aldi,1739 W Cermak Rd,60608,OPEN
Aldi,1440 N Kostner Ave,60651,OPEN
Potash Markets,875 N State Street,60610,OPEN
Jewel - Osco,443 E 34th St,60616,OPEN
Seafood City Supermarket,5033 N ELSTON AVE,60630,OPEN
Target,2112 W Peterson Ave,60659,OPEN
Jewel - Osco,3400 N Western Ave,60618,OPEN
Cermak Produce,4000 West Diversey Ave,60647,OPEN
Pete's Produce,1411 West 87th Street,60620,OPEN
Whole Foods Market,1101 S Canal St Ste 107,60607,OPEN
Aldi,2600 N Clybourn Ave,60614,OPEN
Carniceria La Hacienda,3459 W 59th St,60629,OPEN
Bockwinkel's at Park Millenium,222 N Columbus,60601,OPEN
Walmart,7050 S Cicero Ave,60638,OPEN
Aldi,7545 S Western Ave,60620,OPEN
Shop & Save Market,5829 S Archer Ave,60638,OPEN
Cermak Produce,2701 W NORTH AVE,60647,OPEN
Aldi,620 W 63rd St,60621,OPEN
One Stop Foods,4301 S Lake Park Ave,60653,OPEN
Jewel - Osco,1655 E 95th St,60617,OPEN
Fairplay Neighborhood Market,4640 S Halsted St.,60609,OPEN
Save A Lot,420 S Pulaksi Rd,60624,OPEN
Potash Markets,1525 N Clark Street,60610,OPEN
Mariano's Fresh Market,2021 W Chicago Avenue,60622,OPEN
Carniceria La Hacienda,5153 S Kedzie Ave,60632,OPEN
Aldi,4934 S Kedzie Ave,60632,OPEN
Aldi,13085 S Ashland Ave,60827,OPEN
Jewel - Osco,6014 S Cottage Grove,60637,OPEN
Rio Valley Market,3307 W 63RD ST,60629,OPEN
Jewel - Osco,7342 W Foster Ave Ste 1,60656,OPEN
Save A Lot,10700 S Halsed St,60628,OPEN
Jewel - Osco,3570 N Elston Ave,60618,OPEN
Carniceria Jimenez,3850 W North Ave,60647,OPEN
Food Market La Chicquita,2637 S Pulaski Road,60623,OPEN
Carniceria Jimenez,5330 W Belmont Ave,60641,OPEN
Whole Foods Market,30 W Huron St,60654,OPEN
Jewel - Osco,3644 S Archer Ave,60609,OPEN
Aldi,1836 N Clybourn Ave,60614,OPEN
Jewel - Osco,1220 S Ashland Ave,60608,OPEN
Aldi,4501 S Pulaski Rd,60632,OPEN
Aldi,5501 S HARLEM AVE,60638,OPEN
Fresh Thyme Farmers Market,2500 N ELSTON AVE,60647,OPEN
Big Apple Finer Foods,2345 N Clark St,60614,OPEN
Centro Fresh Market,4804 W DIVERSEY AVE,60639,OPEN
Save A Lot,2858 E 83rd St,60617,OPEN
Mariano's Lakeshore East,333 E Benton Pl,60601,OPEN
Aldi,8333 S Cicero Ave,60652,OPEN
Montrose Food Mart & Deli,6601 W IRVING PARK RD,60634,OPEN
Jewel - Osco,3531 N Broadway St,60657,OPEN
Fat Lee Supermarket,2707 S WELLS ST,60616,OPEN
Aldi,6220 N California Ave,60659,OPEN
Fair Share Finer Foods,6422 W 63rd Street,60638,OPEN
Avenue Food Mart,6850 W BELMONT AVE,60634,OPEN
Lindo Michoacan,3142 W LAWRENCE AVE,60625,OPEN
